{
    "Visible Objects": [
    {
        "assetId": "Fridge_1",
        "axisAlignedBoundingBox": {
            "center": {
                "x": -2.014937400817871,
                "y": 0.9750985503196716,
                "z": 1.0778288841247559
            },
            "cornerPoints": [
                [
                    -1.6528332233428955,
                    1.9585058689117432,
                    1.5843292474746704
                ],
                [
                    -1.6528332233428955,
                    1.9585058689117432,
                    0.5713285207748413
                ],
                [
                    -1.6528332233428955,
                    -0.008308768272399902,
                    1.5843292474746704
                ],
                [
                    -1.6528332233428955,
                    -0.008308768272399902,
                    0.5713285207748413
                ],
                [
                    -2.3770415782928467,
                    1.9585058689117432,
                    1.5843292474746704
                ],
                [
                    -2.3770415782928467,
                    1.9585058689117432,
                    0.5713285207748413
                ],
                [
                    -2.3770415782928467,
                    -0.008308768272399902,
                    1.5843292474746704
                ],
                [
                    -2.3770415782928467,
                    -0.008308768272399902,
                    0.5713285207748413
                ]
            ],
            "size": {
                "x": 0.7242083549499512,
                "y": 1.966814637184143,
                "z": 1.013000726699829
            }
        },
        "breakable": false,
        "canBeUsedUp": false,
        "canFillWithLiquid": false,
        "controlledObjects": null,
        "cookable": false,
        "dirtyable": false,
        "distance": 1.2387062311172485,
        "fillLiquid": null,
        "isBroken": false,
        "isColdSource": true,
        "isCooked": false,
        "isDirty": false,
        "isFilledWithLiquid": false,
        "isHeatSource": false,
        "isInteractable": true,
        "isMoving": false,
        "isOpen": false,
        "isPickedUp": false,
        "isSliced": false,
        "isToggled": false,
        "isUsedUp": false,
        "mass": 0.0,
        "moveable": false,
        "name": "Fridge_e92350c6",
        "objectId": "Fridge|-02.10|+00.00|+01.07",
        "objectOrientedBoundingBox": null,
        "objectType": "Fridge",
        "openable": true,
        "openness": 0.0,
        "parentReceptacles": [
            "Floor|+00.00|+00.00|+00.00"
        ],
        "pickupable": false,
        "position": {
            "x": -2.0969998836517334,
            "y": 0.0,
            "z": 1.0720000267028809
        },
        "receptacle": true,
        "receptacleObjectIds": [
            "Egg|-02.04|+00.81|+01.24"
        ],
        "rotation": {
            "x": -0.0,
            "y": 89.9999771118164,
            "z": -0.0
        },
        "salientMaterials": null,
        "sliceable": false,
        "temperature": "RoomTemp",
        "toggleable": false,
        "visible": true
    }
],
    "Agent": { 
        "x": -1.25,
        "y": 0.9009995460510254,
        "z": 1.0
    }
}